{
  "inputUnits": [34],
  "outputUnits": 6,
  "inputs": {
    "0": {
      "dtype": "number",
      "min": 51.491809272394306,
      "max": 527.1016676755909
    },
    "1": {
      "dtype": "number",
      "min": -86.54174090826024,
      "max": 349.32302017658077
    },
    "2": {
      "dtype": "number",
      "min": 50.44860780355293,
      "max": 544.594526086402
    },
    "3": {
      "dtype": "number",
      "min": -84.16176392553378,
      "max": 335.12610749659245
    },
    "4": {
      "dtype": "number",
      "min": 50.200373777869146,
      "max": 520.3682197139509
    },
    "5": {
      "dtype": "number",
      "min": -80.4011942025049,
      "max": 334.1579069914641
    },
    "6": {
      "dtype": "number",
      "min": 49.92891010485197,
      "max": 581.4541295815629
    },
    "7": {
      "dtype": "number",
      "min": -84.66319658602887,
      "max": 354.5471777367545
    },
    "8": {
      "dtype": "number",
      "min": 44.349041319729984,
      "max": 489.612599274336
    },
    "9": {
      "dtype": "number",
      "min": -78.78194470619366,
      "max": 338.13250573290253
    },
    "10": {
      "dtype": "number",
      "min": 38.47848605923718,
      "max": 621.7464644820601
    },
    "11": {
      "dtype": "number",
      "min": -96.4273457964029,
      "max": 406.7860605935139
    },
    "12": {
      "dtype": "number",
      "min": 19.935352704678362,
      "max": 465.542369939198
    },
    "13": {
      "dtype": "number",
      "min": -98.32227561906068,
      "max": 408.6741831521077
    },
    "14": {
      "dtype": "number",
      "min": 5.330468488250792,
      "max": 650.5200100130969
    },
    "15": {
      "dtype": "number",
      "min": 39.94569059003862,
      "max": 552.4663295336866
    },
    "16": {
      "dtype": "number",
      "min": -20.177968045656677,
      "max": 455.4711265638325
    },
    "17": {
      "dtype": "number",
      "min": -39.61330722414727,
      "max": 558.5301128000776
    },
    "18": {
      "dtype": "number",
      "min": -8.514294243230689,
      "max": 658.77721001995
    },
    "19": {
      "dtype": "number",
      "min": 44.721277842977116,
      "max": 526.3655545418723
    },
    "20": {
      "dtype": "number",
      "min": -9.451624106245431,
      "max": 444.72969516211316
    },
    "21": {
      "dtype": "number",
      "min": -38.31659893311023,
      "max": 547.4312664426093
    },
    "22": {
      "dtype": "number",
      "min": 32.41842466952973,
      "max": 614.5136194061814
    },
    "23": {
      "dtype": "number",
      "min": -41.133159912585285,
      "max": 559.419084515488
    },
    "24": {
      "dtype": "number",
      "min": 14.02536314133315,
      "max": 504.0227539776361
    },
    "25": {
      "dtype": "number",
      "min": -27.329147963495984,
      "max": 563.1514021667123
    },
    "26": {
      "dtype": "number",
      "min": 18.477721335130358,
      "max": 592.8751847711455
    },
    "27": {
      "dtype": "number",
      "min": 142.07371018318636,
      "max": 557.512803105583
    },
    "28": {
      "dtype": "number",
      "min": 15.419712475633528,
      "max": 520.6673660427041
    },
    "29": {
      "dtype": "number",
      "min": 66.31771987409385,
      "max": 551.6148807756152
    },
    "30": {
      "dtype": "number",
      "min": 26.28134208813048,
      "max": 577.8255586085031
    },
    "31": {
      "dtype": "number",
      "min": 304.6795178389224,
      "max": 562.4648414299502
    },
    "32": {
      "dtype": "number",
      "min": 17.872922425149245,
      "max": 514.9560079890617
    },
    "33": {
      "dtype": "number",
      "min": 94.08796938771624,
      "max": 562.4894738150851
    }
  },
  "outputs": {
    "0": {
      "dtype": "string",
      "min": 0,
      "max": 1,
      "uniqueValues": [
        "mountain",
        "chair",
        "volcano",
        "goddess",
        "warrior II",
        " "
      ],
      "legend": {
        "mountain": [1, 0, 0, 0, 0, 0],
        "chair": [0, 1, 0, 0, 0, 0],
        "volcano": [0, 0, 1, 0, 0, 0],
        "goddess": [0, 0, 0, 1, 0, 0],
        "warrior II": [0, 0, 0, 0, 1, 0],
        " ": [0, 0, 0, 0, 0, 1]
      }
    }
  },
  "isNormalized": true
}
