{"inputUnits":[34],"outputUnits":4,"inputs":{"0":{"dtype":"number","min":262.8321597450658,"max":388.98888363010934},"1":{"dtype":"number","min":197.4227573625293,"max":348.1053015874375},"2":{"dtype":"number","min":261.3829031604075,"max":417.9496432001363},"3":{"dtype":"number","min":199.71332094590332,"max":337.1084239283035},"4":{"dtype":"number","min":246.16889760275797,"max":393.31327025653326},"5":{"dtype":"number","min":170.5771831787585,"max":351.98921664648816},"6":{"dtype":"number","min":275.77067830641596,"max":415.74640642132675},"7":{"dtype":"number","min":198.2971616748713,"max":328.3356700399001},"8":{"dtype":"number","min":245.84225779156006,"max":362.4468411153752},"9":{"dtype":"number","min":152.89909615618907,"max":361.6839501453422},"10":{"dtype":"number","min":324.56402159573736,"max":474.39839443035754},"11":{"dtype":"number","min":262.76611536334593,"max":366.887575264795},"12":{"dtype":"number","min":205.6592403657255,"max":380.3153116475304},"13":{"dtype":"number","min":247.6561143663194,"max":403.48243906716385},"14":{"dtype":"number","min":343.7717858624969,"max":557.8539634540996},"15":{"dtype":"number","min":245.47924257393697,"max":493.6280248690301},"16":{"dtype":"number","min":126.22968945122136,"max":353.6535656428941},"17":{"dtype":"number","min":243.64679466678848,"max":524.1165821454678},"18":{"dtype":"number","min":282.3458963435063,"max":575.1462856835557},"19":{"dtype":"number","min":127.44692677875241,"max":551.6676708318104},"20":{"dtype":"number","min":118.06429262514467,"max":322.6958978664108},"21":{"dtype":"number","min":129.34901544225144,"max":543.2856762385973},"22":{"dtype":"number","min":292.7010162531981,"max":493.2830989012244},"23":{"dtype":"number","min":381.00282992535864,"max":557.0173747637118},"24":{"dtype":"number","min":202.9311812551398,"max":445.42938053956505},"25":{"dtype":"number","min":385.7906973617583,"max":560.198259260687},"26":{"dtype":"number","min":272.6342690153661,"max":503.04180836816977},"27":{"dtype":"number","min":413.31369916830374,"max":560.9224697953312},"28":{"dtype":"number","min":195.10294120446514,"max":483.0111881724575},"29":{"dtype":"number","min":461.3937245567872,"max":561.0958637735764},"30":{"dtype":"number","min":253.3102077907986,"max":497.36780683431937},"31":{"dtype":"number","min":492.33103493733245,"max":564.8242151806926},"32":{"dtype":"number","min":192.88352981180708,"max":475.10466161062374},"33":{"dtype":"number","min":533.2323403758147,"max":564.8854139301976}},"outputs":{"0":{"dtype":"string","min":0,"max":1,"uniqueValues":["a","b","c","d"],"legend":{"a":[1,0,0,0],"b":[0,1,0,0],"c":[0,0,1,0],"d":[0,0,0,1]}}},"isNormalized":true}