{"inputUnits":[34],"outputUnits":4,"inputs":{"0":{"dtype":"number","min":183.00317596970942,"max":512.6604141919469},"1":{"dtype":"number","min":-63.75751904344466,"max":235.04777755886022},"2":{"dtype":"number","min":172.12808114510995,"max":527.7798717714425},"3":{"dtype":"number","min":-75.05490130151225,"max":194.77455748916833},"4":{"dtype":"number","min":180.8925193652772,"max":488.81555033008954},"5":{"dtype":"number","min":-72.69173664888676,"max":194.8104204025417},"6":{"dtype":"number","min":163.46622876024153,"max":544.4068572581627},"7":{"dtype":"number","min":-61.4150959334643,"max":229.5780412402534},"8":{"dtype":"number","min":182.06795601352147,"max":462.8217120849133},"9":{"dtype":"number","min":-60.215414727640436,"max":223.94694218626262},"10":{"dtype":"number","min":140.7951215182596,"max":549.945543077257},"11":{"dtype":"number","min":-43.488087496097556,"max":401.7800516645346},"12":{"dtype":"number","min":143.5119462338572,"max":608.4695761756823},"13":{"dtype":"number","min":-22.12236014025951,"max":398.452359472799},"14":{"dtype":"number","min":127.75901154932687,"max":576.1830805430867},"15":{"dtype":"number","min":114.38599882070082,"max":554.3949919880946},"16":{"dtype":"number","min":4.1372841282894735,"max":603.0294811702379},"17":{"dtype":"number","min":100.87242200825412,"max":558.2230993274592},"18":{"dtype":"number","min":145.7528644881518,"max":604.6496391668189},"19":{"dtype":"number","min":122.23078023155762,"max":544.3133199888828},"20":{"dtype":"number","min":79.4204408522935,"max":612.5223343460648},"21":{"dtype":"number","min":46.86175786960891,"max":546.7387791683799},"22":{"dtype":"number","min":158.90935678463464,"max":532.871299580059},"23":{"dtype":"number","min":227.30868036519246,"max":566.6227439597801},"24":{"dtype":"number","min":167.2353162263569,"max":623.0736352872198},"25":{"dtype":"number","min":189.0302334612573,"max":559.1507320887396},"26":{"dtype":"number","min":156.0342609487314,"max":520.5987654420135},"27":{"dtype":"number","min":348.32628097682897,"max":554.4931577567236},"28":{"dtype":"number","min":177.7443988049007,"max":597.963706345586},"29":{"dtype":"number","min":342.7974764877825,"max":559.4293396561234},"30":{"dtype":"number","min":142.996691133079,"max":515.8732423540677},"31":{"dtype":"number","min":426.4234344303956,"max":563.5913225735372},"32":{"dtype":"number","min":168.76525521975512,"max":602.1934241579289},"33":{"dtype":"number","min":425.0683754368832,"max":561.5605585942259}},"outputs":{"0":{"dtype":"string","min":0,"max":1,"uniqueValues":["Great Form!","Detecting Pose...","Stand tall, roll your shoulders back and down, and align your ears over your shoulders.","Distribute your weight evenly across both feet, grounding through all four corners of each foot."],"legend":{"Great Form!":[1,0,0,0],"Detecting Pose...":[0,1,0,0],"Stand tall, roll your shoulders back and down, and align your ears over your shoulders.":[0,0,1,0],"Distribute your weight evenly across both feet, grounding through all four corners of each foot.":[0,0,0,1]}}},"isNormalized":true}