{"inputUnits":[34],"outputUnits":3,"inputs":{"0":{"dtype":"number","min":47.214849222937985,"max":563.3463767722801},"1":{"dtype":"number","min":36.37524283187895,"max":296.3098436024686},"2":{"dtype":"number","min":91.54441075018275,"max":585.078157718651},"3":{"dtype":"number","min":18.413081475865766,"max":255.45998259129811},"4":{"dtype":"number","min":37.45466845774511,"max":527.4414324249208},"5":{"dtype":"number","min":22.278091549640976,"max":247.63311137000488},"6":{"dtype":"number","min":195.75212921083087,"max":597.9427493803682},"7":{"dtype":"number","min":24.699505662825132,"max":261.066622371562},"8":{"dtype":"number","min":24.942987453170687,"max":469.5711393895437},"9":{"dtype":"number","min":41.07203998528493,"max":257.47805411355534},"10":{"dtype":"number","min":222.28972496345028,"max":567.9823752360502},"11":{"dtype":"number","min":138.82800408971238,"max":362.69661410742566},"12":{"dtype":"number","min":101.4787450124878,"max":431.61757143849746},"13":{"dtype":"number","min":145.42893199660392,"max":325.86913348638524},"14":{"dtype":"number","min":242.98117059480842,"max":603.130339683845},"15":{"dtype":"number","min":111.62283795154116,"max":524.1965643750762},"16":{"dtype":"number","min":49.270572773894365,"max":398.39248939796727},"17":{"dtype":"number","min":115.70587098714668,"max":527.2985708969146},"18":{"dtype":"number","min":215.62745984767147,"max":639.5881685550681},"19":{"dtype":"number","min":15.155389796920687,"max":518.51936206483},"20":{"dtype":"number","min":-5.014820954023514,"max":389.0287028232745},"21":{"dtype":"number","min":9.551830626370602,"max":546.4131191320587},"22":{"dtype":"number","min":194.0233649240832,"max":561.7415319966991},"23":{"dtype":"number","min":334.78052418134365,"max":556.5196992454008},"24":{"dtype":"number","min":88.49229957625182,"max":471.2549357572262},"25":{"dtype":"number","min":332.65072114286363,"max":557.6680471557855},"26":{"dtype":"number","min":185.49709624946698,"max":581.7892777292352},"27":{"dtype":"number","min":404.44264908283077,"max":563.9181827894661},"28":{"dtype":"number","min":52.06290975648757,"max":458.905688986676},"29":{"dtype":"number","min":404.9754229391295,"max":572.546042875472},"30":{"dtype":"number","min":194.160188968651,"max":580.6789902358026},"31":{"dtype":"number","min":448.82878770140405,"max":564.2123984175118},"32":{"dtype":"number","min":52.78031971951906,"max":462.3987137643914},"33":{"dtype":"number","min":462.08885059022066,"max":564.1135446648848}},"outputs":{"0":{"dtype":"string","min":0,"max":1,"uniqueValues":["m","l"," "],"legend":{"m":[1,0,0],"l":[0,1,0]," ":[0,0,1]}}},"isNormalized":true}