{"inputUnits":[34],"outputUnits":4,"inputs":{"0":{"dtype":"number","min":-8.584945708455166,"max":432.03717861956324},"1":{"dtype":"number","min":-88.71402316623264,"max":228.15321299532468},"2":{"dtype":"number","min":-8.331984135142543,"max":443.0175112004865},"3":{"dtype":"number","min":-83.2158040721514,"max":185.00137418334248},"4":{"dtype":"number","min":-2.0095463802939966,"max":423.7687388637609},"5":{"dtype":"number","min":-81.84506897805494,"max":183.6505254853306},"6":{"dtype":"number","min":26.70340495267574,"max":457.7439327128449},"7":{"dtype":"number","min":-80.61583766230831,"max":214.93781879863775},"8":{"dtype":"number","min":-9.057134736118725,"max":410.4990391424525},"9":{"dtype":"number","min":-79.77616330568786,"max":210.05649797168155},"10":{"dtype":"number","min":22.77651573017559,"max":491.9973148100557},"11":{"dtype":"number","min":-100.51954838267544,"max":389.69779983133833},"12":{"dtype":"number","min":20.84756007203814,"max":392.5988858763934},"13":{"dtype":"number","min":-69.6331656234771,"max":413.47588730602},"14":{"dtype":"number","min":12.690528438337596,"max":517.3057538305807},"15":{"dtype":"number","min":19.02624074478595,"max":554.0359517891272},"16":{"dtype":"number","min":-3.3161813241464118,"max":372.3686007077698},"17":{"dtype":"number","min":13.542325203878832,"max":552.567805537471},"18":{"dtype":"number","min":-19.633921126873172,"max":571.1155691760325},"19":{"dtype":"number","min":22.662605746680057,"max":542.293635734573},"20":{"dtype":"number","min":-14.848100985699926,"max":429.2625216062073},"21":{"dtype":"number","min":54.85473008183706,"max":556.0535584090978},"22":{"dtype":"number","min":8.567901075932017,"max":472.0315629092806},"23":{"dtype":"number","min":96.16850616871497,"max":561.0300951208519},"24":{"dtype":"number","min":41.820706075627434,"max":409.1102650662844},"25":{"dtype":"number","min":90.09755987870065,"max":567.8170966730247},"26":{"dtype":"number","min":15.406785634061281,"max":462.3698333085861},"27":{"dtype":"number","min":201.1121368408203,"max":555.5461950469435},"28":{"dtype":"number","min":22.533483077675744,"max":423.5897238212719},"29":{"dtype":"number","min":180.7502825404236,"max":557.4023514834993},"30":{"dtype":"number","min":-5.18701386033443,"max":477.6696069431119},"31":{"dtype":"number","min":320.5566752770258,"max":561.415313958657},"32":{"dtype":"number","min":-5.575599596049585,"max":452.9142621432596},"33":{"dtype":"number","min":297.2663022760759,"max":563.1012917680349}},"outputs":{"0":{"dtype":"string","min":0,"max":1,"uniqueValues":["Detecting Pose...","Great Form!","Straighten your back leg and press the heel into the ground.","Keep your arms parallel to the floor and relax your shoulders away from your ears."],"legend":{"Detecting Pose...":[1,0,0,0],"Great Form!":[0,1,0,0],"Straighten your back leg and press the heel into the ground.":[0,0,1,0],"Keep your arms parallel to the floor and relax your shoulders away from your ears.":[0,0,0,1]}}},"isNormalized":true}