{"inputUnits":[34],"outputUnits":4,"inputs":{"0":{"dtype":"number","min":7.051174468696698,"max":464.11260891146594},"1":{"dtype":"number","min":-21.579489903143276,"max":307.32133355986537},"2":{"dtype":"number","min":57.02522381936829,"max":468.9822613751447},"3":{"dtype":"number","min":-33.489880180730694,"max":304.5578633507325},"4":{"dtype":"number","min":1.323398493419149,"max":456.54320313451814},"5":{"dtype":"number","min":-32.36063401369091,"max":304.4777674981725},"6":{"dtype":"number","min":86.0754049498203,"max":477.49945865504685},"7":{"dtype":"number","min":-25.33905624181439,"max":314.93108202839454},"8":{"dtype":"number","min":5.612869113974171,"max":444.88155729357027},"9":{"dtype":"number","min":-23.468230249356573,"max":322.7298996834262},"10":{"dtype":"number","min":46.21490240561799,"max":484.30323848017935},"11":{"dtype":"number","min":7.608273749695414,"max":299.7740818789595},"12":{"dtype":"number","min":23.184739795112236,"max":437.54031830131424},"13":{"dtype":"number","min":19.09076251946462,"max":341.87653718171293},"14":{"dtype":"number","min":23.133197509289715,"max":501.2029230664348},"15":{"dtype":"number","min":37.28967499314692,"max":427.64205248499934},"16":{"dtype":"number","min":25.454658374451753,"max":411.1454329760218},"17":{"dtype":"number","min":20.76591268617507,"max":424.066516660575},"18":{"dtype":"number","min":39.20043454532735,"max":494.0851535016333},"19":{"dtype":"number","min":-9.3667560897143,"max":531.5767320183053},"20":{"dtype":"number","min":22.28202596742507,"max":441.7064932958889},"21":{"dtype":"number","min":-12.246851632934337,"max":547.333230061373},"22":{"dtype":"number","min":38.65646168967204,"max":485.4966613888508},"23":{"dtype":"number","min":248.6043627406189,"max":557.6840541609082},"24":{"dtype":"number","min":46.363035205744396,"max":441.92501491970484},"25":{"dtype":"number","min":258.7477011429636,"max":556.5410972431621},"26":{"dtype":"number","min":37.88022775631434,"max":494.37148185268944},"27":{"dtype":"number","min":363.6125388340643,"max":556.8194832904064},"28":{"dtype":"number","min":35.635103519432256,"max":468.35873906840123},"29":{"dtype":"number","min":306.78230330260874,"max":552.322876690424},"30":{"dtype":"number","min":31.46389133981329,"max":501.68382938377573},"31":{"dtype":"number","min":413.88286092360346,"max":567.3487642819886},"32":{"dtype":"number","min":55.23966917517589,"max":466.10472086112634},"33":{"dtype":"number","min":363.85141264857833,"max":564.5922167445251}},"outputs":{"0":{"dtype":"string","min":0,"max":1,"uniqueValues":["Great Form!","Detecting Pose...","Shift your weight back into your heels, ensuring your knees stay behind your toes.","Engage your core and tuck your tailbone slightly to maintain a neutral spine."],"legend":{"Great Form!":[1,0,0,0],"Detecting Pose...":[0,1,0,0],"Shift your weight back into your heels, ensuring your knees stay behind your toes.":[0,0,1,0],"Engage your core and tuck your tailbone slightly to maintain a neutral spine.":[0,0,0,1]}}},"isNormalized":true}