{"inputUnits":[34],"outputUnits":4,"inputs":{"0":{"dtype":"number","min":129.04515911496406,"max":410.27040596826265},"1":{"dtype":"number","min":-89.64512042367203,"max":221.3082082648026},"2":{"dtype":"number","min":138.4864007009168,"max":438.07577196385193},"3":{"dtype":"number","min":-81.9826422797309,"max":198.6042726156075},"4":{"dtype":"number","min":128.03855791891294,"max":406.4053844429596},"5":{"dtype":"number","min":-82.01961970933465,"max":194.82700727139297},"6":{"dtype":"number","min":125.86769505550986,"max":479.14515169972793},"7":{"dtype":"number","min":-76.54107077079907,"max":214.25040975648756},"8":{"dtype":"number","min":155.1779870819627,"max":388.2087609363578},"9":{"dtype":"number","min":-81.09359592489797,"max":199.1224768566109},"10":{"dtype":"number","min":101.40356365003083,"max":500.41129009997866},"11":{"dtype":"number","min":-89.16273804900706,"max":405.2418967204252},"12":{"dtype":"number","min":119.59367378413327,"max":372.14579383299827},"13":{"dtype":"number","min":-51.245716831140356,"max":373.217713354159},"14":{"dtype":"number","min":88.6158820853131,"max":628.5166648582176},"15":{"dtype":"number","min":22.924821344267784,"max":572.3084221852918},"16":{"dtype":"number","min":52.833585088480746,"max":423.47529896518637},"17":{"dtype":"number","min":89.08572072406491,"max":557.1498381557055},"18":{"dtype":"number","min":91.90342179980658,"max":613.9344427692495},"19":{"dtype":"number","min":46.76139370507431,"max":566.0605310510706},"20":{"dtype":"number","min":19.51686238220096,"max":379.36366821125466},"21":{"dtype":"number","min":37.079365155850226,"max":558.9912865175838},"22":{"dtype":"number","min":111.95421661317464,"max":515.7098498725519},"23":{"dtype":"number","min":105.85866470783077,"max":562.2328305012069},"24":{"dtype":"number","min":127.72576047663102,"max":434.1500467817221},"25":{"dtype":"number","min":204.4150381106847,"max":566.3896015605964},"26":{"dtype":"number","min":106.27021774678667,"max":509.2588618763706},"27":{"dtype":"number","min":246.50722570586623,"max":556.2684897558498},"28":{"dtype":"number","min":143.976379751462,"max":392.30727881716007},"29":{"dtype":"number","min":244.59528099491348,"max":557.0790834780092},"30":{"dtype":"number","min":91.1036042628,"max":526.3548020033808},"31":{"dtype":"number","min":319.9253277100085,"max":563.1257064254195},"32":{"dtype":"number","min":102.54578261347541,"max":413.847251133612},"33":{"dtype":"number","min":289.40480550130206,"max":563.9299817299052}},"outputs":{"0":{"dtype":"string","min":0,"max":1,"uniqueValues":["Great Form!","Detecting Pose...","Shift your weight back into your heels, ensuring your knees stay behind your toes.","Engage your core and tuck your tailbone slightly to maintain a neutral spine."],"legend":{"Great Form!":[1,0,0,0],"Detecting Pose...":[0,1,0,0],"Shift your weight back into your heels, ensuring your knees stay behind your toes.":[0,0,1,0],"Engage your core and tuck your tailbone slightly to maintain a neutral spine.":[0,0,0,1]}}},"isNormalized":true}