{"inputUnits":[34],"outputUnits":3,"inputs":{"0":{"dtype":"number","min":82.259790520919,"max":565.7104599266721},"1":{"dtype":"number","min":-81.7089640002037,"max":201.0749607197722},"2":{"dtype":"number","min":73.24773658321149,"max":578.0826109798795},"3":{"dtype":"number","min":-80.85583209061949,"max":191.21602078859797},"4":{"dtype":"number","min":82.94789929603739,"max":550.3853995339912},"5":{"dtype":"number","min":-77.40852103131091,"max":185.85055940564843},"6":{"dtype":"number","min":67.08064267045108,"max":591.1270099959643},"7":{"dtype":"number","min":-79.97301161173027,"max":196.21332298710098},"8":{"dtype":"number","min":70.58104576423153,"max":531.7733264945404},"9":{"dtype":"number","min":-54.99824271099842,"max":178.8716777630484},"10":{"dtype":"number","min":6.423338653980872,"max":630.8965695624695},"11":{"dtype":"number","min":-53.437990184880604,"max":226.66016993234496},"12":{"dtype":"number","min":25.660585399724354,"max":499.7276209483602},"13":{"dtype":"number","min":-20.208957497371806,"max":222.36640082465277},"14":{"dtype":"number","min":-6.184499045329251,"max":654.5990739788925},"15":{"dtype":"number","min":91.55699612801533,"max":283.3527762429756},"16":{"dtype":"number","min":86.18245204754507,"max":480.97436618619025},"17":{"dtype":"number","min":83.30118815104166,"max":299.93966115613193},"18":{"dtype":"number","min":-6.647150883665327,"max":651.0253549319261},"19":{"dtype":"number","min":42.72927445974963,"max":363.2006232129667},"20":{"dtype":"number","min":84.68977959764864,"max":468.65607843529176},"21":{"dtype":"number","min":62.7049347578201,"max":374.62205526192054},"22":{"dtype":"number","min":14.31293807299281,"max":613.0690838254218},"23":{"dtype":"number","min":212.8229057207907,"max":290.3455303705226},"24":{"dtype":"number","min":21.691906131498992,"max":510.30720969157375},"25":{"dtype":"number","min":88.64981073152717,"max":304.55920600519306},"26":{"dtype":"number","min":13.312728911580164,"max":627.4496757403219},"27":{"dtype":"number","min":307.3239926938657,"max":490.5280790273209},"28":{"dtype":"number","min":21.950362653527808,"max":558.3411263211196},"29":{"dtype":"number","min":205.38485580949987,"max":493.0791332103588},"30":{"dtype":"number","min":14.628227486712657,"max":618.2034314027306},"31":{"dtype":"number","min":357.4681950916788,"max":562.8784688313801},"32":{"dtype":"number","min":17.75783189323678,"max":556.1659841556066},"33":{"dtype":"number","min":313.46724482307656,"max":561.188966925846}},"outputs":{"0":{"dtype":"string","min":0,"max":1,"uniqueValues":["Great job!","Focus on a fixed point in front of you to help with balance.","Detecting pose..."],"legend":{"Great job!":[1,0,0],"Focus on a fixed point in front of you to help with balance.":[0,1,0],"Detecting pose...":[0,0,1]}}},"isNormalized":true}