{"inputUnits":[34],"outputUnits":3,"inputs":{"0":{"dtype":"number","min":146.1969226145605,"max":664.8029409189205},"1":{"dtype":"number","min":-10.463965938337594,"max":205.5434329979136},"2":{"dtype":"number","min":155.4270863672446,"max":653.4948064198038},"3":{"dtype":"number","min":-21.905626144557907,"max":172.08736665067616},"4":{"dtype":"number","min":133.63492017600967,"max":657.0683208264802},"5":{"dtype":"number","min":-24.09790395993239,"max":168.89400192171507},"6":{"dtype":"number","min":169.8174406352796,"max":652.7543405157315},"7":{"dtype":"number","min":-21.96177789342334,"max":196.17967929059301},"8":{"dtype":"number","min":119.05316953305844,"max":650.4131901612756},"9":{"dtype":"number","min":-22.577561198154626,"max":193.7032492118969},"10":{"dtype":"number","min":187.27281358506943,"max":666.0222068028143},"11":{"dtype":"number","min":22.922846327515828,"max":369.5582672773513},"12":{"dtype":"number","min":81.21415359467326,"max":649.183200888234},"13":{"dtype":"number","min":30.857127526117807,"max":371.3551506057352},"14":{"dtype":"number","min":195.88111475894326,"max":656.6264346236142},"15":{"dtype":"number","min":74.65726082785088,"max":561.019626937182},"16":{"dtype":"number","min":30.686564603511815,"max":641.2339070340578},"17":{"dtype":"number","min":76.1035417999208,"max":553.8046115927297},"18":{"dtype":"number","min":205.44047751621892,"max":646.896796570419},"19":{"dtype":"number","min":10.96646373964424,"max":545.1017074138797},"20":{"dtype":"number","min":41.507051999573584,"max":634.3266004893283},"21":{"dtype":"number","min":20.240557040387415,"max":536.5092376054611},"22":{"dtype":"number","min":164.32589108948585,"max":655.2305225275645},"23":{"dtype":"number","min":163.607040613483,"max":564.96973465293},"24":{"dtype":"number","min":93.46450359500639,"max":656.7173175179703},"25":{"dtype":"number","min":132.39687140689722,"max":564.2102110269706},"26":{"dtype":"number","min":117.88372240568461,"max":653.8324188767817},"27":{"dtype":"number","min":275.6013670209323,"max":558.9698954167653},"28":{"dtype":"number","min":64.30590088604487,"max":659.0804298207541},"29":{"dtype":"number","min":237.2817491973817,"max":552.9606042456674},"30":{"dtype":"number","min":98.99369951809591,"max":652.9122776083547},"31":{"dtype":"number","min":323.926405878792,"max":562.6641878421775},"32":{"dtype":"number","min":96.45098531920077,"max":652.7622608088145},"33":{"dtype":"number","min":324.9149600618299,"max":560.8544771666648}},"outputs":{"0":{"dtype":"string","min":0,"max":1,"uniqueValues":["Detecting Pose...","Great Form!","Focus on a fixed point in front of you to help with balance."],"legend":{"Detecting Pose...":[1,0,0],"Great Form!":[0,1,0],"Focus on a fixed point in front of you to help with balance.":[0,0,1]}}},"isNormalized":true}