{"inputUnits":[34],"outputUnits":4,"inputs":{"0":{"dtype":"number","min":62.50874034145422,"max":507.58249502200596},"1":{"dtype":"number","min":-84.27060073346887,"max":379.45579212776164},"2":{"dtype":"number","min":133.6732140851532,"max":518.9711373033579},"3":{"dtype":"number","min":-83.11865020216557,"max":344.8975888376812},"4":{"dtype":"number","min":30.788184569360684,"max":497.21618459006265},"5":{"dtype":"number","min":-80.38318277102465,"max":345.2200858727765},"6":{"dtype":"number","min":202.58729663276299,"max":535.5598298011467},"7":{"dtype":"number","min":-82.14917991593568,"max":356.2352661965651},"8":{"dtype":"number","min":-6.064836825543677,"max":483.5794546264886},"9":{"dtype":"number","min":-78.51472508837605,"max":360.043036923771},"10":{"dtype":"number","min":195.35795126277335,"max":573.9309748896845},"11":{"dtype":"number","min":-100.90858861019737,"max":516.5832097163209},"12":{"dtype":"number","min":-3.9956412213122867,"max":460.44930798268456},"13":{"dtype":"number","min":-88.61661022401925,"max":479.17997196636236},"14":{"dtype":"number","min":181.35359542876424,"max":611.0697785316155},"15":{"dtype":"number","min":-3.387488054717963,"max":559.438968755116},"16":{"dtype":"number","min":-10.510006434271443,"max":460.7027059038247},"17":{"dtype":"number","min":-50.92479386060094,"max":569.3216840658504},"18":{"dtype":"number","min":168.41791699504293,"max":640.1155860707541},"19":{"dtype":"number","min":-3.6327298110456354,"max":563.7815354256137},"20":{"dtype":"number","min":18.88405931855735,"max":450.371024148506},"21":{"dtype":"number","min":-39.83741447939511,"max":569.6571109169407},"22":{"dtype":"number","min":199.12121369360017,"max":556.8983098080283},"23":{"dtype":"number","min":45.143738387853304,"max":565.9194946289062},"24":{"dtype":"number","min":56.61994086371527,"max":474.5947313215765},"25":{"dtype":"number","min":-57.354138766580625,"max":567.0528359812835},"26":{"dtype":"number","min":198.98588533754702,"max":558.8475030300445},"27":{"dtype":"number","min":185.97289979574043,"max":553.3122250443546},"28":{"dtype":"number","min":55.55188660500807,"max":491.696349026864},"29":{"dtype":"number","min":-36.191974959643034,"max":557.951645432857},"30":{"dtype":"number","min":191.56606514319108,"max":570.6174729256137},"31":{"dtype":"number","min":283.281865110639,"max":562.7280192533199},"32":{"dtype":"number","min":54.25360071728801,"max":522.7993462099666},"33":{"dtype":"number","min":-16.246063648841073,"max":562.8674322355096}},"outputs":{"0":{"dtype":"string","min":0,"max":1,"uniqueValues":["Great Form!","Detecting Pose...","Straighten your back leg and press the heel into the ground.","Tuck your tailbone slightly and engage your core."],"legend":{"Great Form!":[1,0,0,0],"Detecting Pose...":[0,1,0,0],"Straighten your back leg and press the heel into the ground.":[0,0,1,0],"Tuck your tailbone slightly and engage your core.":[0,0,0,1]}}},"isNormalized":true}