{"inputUnits":[34],"outputUnits":3,"inputs":{"0":{"dtype":"number","min":63.064839918943406,"max":513.5937928316886},"1":{"dtype":"number","min":-22.68789042273925,"max":228.32572475976178},"2":{"dtype":"number","min":96.54395506860685,"max":523.9583383898521},"3":{"dtype":"number","min":-40.24933764809057,"max":224.72857142517205},"4":{"dtype":"number","min":44.62891368605705,"max":521.1047473334894},"5":{"dtype":"number","min":-55.11565031828704,"max":222.51978080407451},"6":{"dtype":"number","min":128.5779385631777,"max":546.1106191415768},"7":{"dtype":"number","min":-41.73412999679238,"max":230.65198753312313},"8":{"dtype":"number","min":25.71426361857334,"max":519.2802726641501},"9":{"dtype":"number","min":-46.277122571919165,"max":232.41950200547484},"10":{"dtype":"number","min":144.8773455108583,"max":553.5612145734344},"11":{"dtype":"number","min":-37.44989168341862,"max":287.19109191299646},"12":{"dtype":"number","min":16.96399711028874,"max":561.0190943667762},"13":{"dtype":"number","min":2.5346960473014093,"max":288.1445693226121},"14":{"dtype":"number","min":152.50657644885325,"max":572.0597907767193},"15":{"dtype":"number","min":36.64271363970363,"max":526.2477572851943},"16":{"dtype":"number","min":-20.612764414290936,"max":590.4029307820875},"17":{"dtype":"number","min":155.88668704265274,"max":519.8054423341509},"18":{"dtype":"number","min":154.42574484306468,"max":603.0535537689982},"19":{"dtype":"number","min":113.47160354227583,"max":548.3408955059089},"20":{"dtype":"number","min":-15.689475968567251,"max":610.8956344039351},"21":{"dtype":"number","min":112.96285112466495,"max":534.2966632210953},"22":{"dtype":"number","min":113.56049297845851,"max":520.0994301214088},"23":{"dtype":"number","min":141.82365670306407,"max":554.1240637111849},"24":{"dtype":"number","min":18.106402718765228,"max":539.8037603724072},"25":{"dtype":"number","min":257.6480990404274,"max":559.8814942358065},"26":{"dtype":"number","min":30.445754142300192,"max":562.5451603642216},"27":{"dtype":"number","min":261.4262126900299,"max":554.244259244982},"28":{"dtype":"number","min":-3.666969879328856,"max":549.4350976181773},"29":{"dtype":"number","min":342.9208299662867,"max":556.2454187939738},"30":{"dtype":"number","min":30.41589748092562,"max":585.0278971116212},"31":{"dtype":"number","min":383.0069130345394,"max":563.9652911031919},"32":{"dtype":"number","min":6.333531905800743,"max":576.6161734597724},"33":{"dtype":"number","min":400.49055445263957,"max":563.8130167167321}},"outputs":{"0":{"dtype":"string","min":0,"max":1,"uniqueValues":["Great Form!","Straighten your back leg and press the heel into the ground.","Detecting pose..."],"legend":{"Great Form!":[1,0,0],"Straighten your back leg and press the heel into the ground.":[0,1,0],"Detecting pose...":[0,0,1]}}},"isNormalized":true}