{"inputUnits":[34],"outputUnits":4,"inputs":{"0":{"dtype":"number","min":-3.0313898573609586,"max":497.3873221711573},"1":{"dtype":"number","min":-84.50286686769006,"max":246.22484649598715},"2":{"dtype":"number","min":-9.473826387937073,"max":514.1890489009388},"3":{"dtype":"number","min":-83.21827343797591,"max":220.73615239609984},"4":{"dtype":"number","min":-7.943061694764254,"max":484.07845004492566},"5":{"dtype":"number","min":-77.84766541122228,"max":215.70052297491776},"6":{"dtype":"number","min":6.011330528333637,"max":529.583069204587},"7":{"dtype":"number","min":-82.84225196169133,"max":244.62881344800803},"8":{"dtype":"number","min":-8.407480340254933,"max":472.6362821047301},"9":{"dtype":"number","min":-51.81113735741807,"max":234.87065900836075},"10":{"dtype":"number","min":-1.6633234154178849,"max":564.4052373874954},"11":{"dtype":"number","min":-59.31071201495492,"max":406.00573087993416},"12":{"dtype":"number","min":1.8226348401045473,"max":441.6403379681979},"13":{"dtype":"number","min":-38.18153440836113,"max":385.8185195179246},"14":{"dtype":"number","min":-3.069829215780336,"max":652.9825870149549},"15":{"dtype":"number","min":122.06014547664054,"max":554.0838908591465},"16":{"dtype":"number","min":-7.304100348935489,"max":420.4666354828178},"17":{"dtype":"number","min":0.9910734448051812,"max":554.0192545691893},"18":{"dtype":"number","min":-9.503692567464668,"max":650.8613286009077},"19":{"dtype":"number","min":129.3815556278935,"max":540.6460574263485},"20":{"dtype":"number","min":-7.8329081098471,"max":405.5050617537768},"21":{"dtype":"number","min":82.48614156920078,"max":559.1333653634055},"22":{"dtype":"number","min":2.926229733472679,"max":542.5425687496192},"23":{"dtype":"number","min":197.37711707518577,"max":565.766001323975},"24":{"dtype":"number","min":43.36259570502863,"max":455.0259601674814},"25":{"dtype":"number","min":44.17364109329313,"max":562.0383663065949},"26":{"dtype":"number","min":11.623807613380238,"max":545.3725726330257},"27":{"dtype":"number","min":318.1803326671816,"max":569.7712157251309},"28":{"dtype":"number","min":38.454628511246646,"max":472.67251949793643},"29":{"dtype":"number","min":141.5654522633692,"max":574.5339305498446},"30":{"dtype":"number","min":16.447421365778812,"max":551.8397156118649},"31":{"dtype":"number","min":358.0192570379603,"max":562.3639142071759},"32":{"dtype":"number","min":30.190038848341555,"max":477.5952777527926},"33":{"dtype":"number","min":258.9014184591133,"max":562.1674741034851}},"outputs":{"0":{"dtype":"string","min":0,"max":1,"uniqueValues":["Detecting Pose...","Great Form!","Ensure your knees are aligned with your second toe and not collapsing inward or outward.","Relax your shoulders down and away from your ears. Engage your shoulder blades by gently drawing them together and down your back"],"legend":{"Detecting Pose...":[1,0,0,0],"Great Form!":[0,1,0,0],"Ensure your knees are aligned with your second toe and not collapsing inward or outward.":[0,0,1,0],"Relax your shoulders down and away from your ears. Engage your shoulder blades by gently drawing them together and down your back":[0,0,0,1]}}},"isNormalized":true}